[{"path":"file:///data/data/com.smartOS/icons/com.mobisystems.msdict.embedded.wireless.oxford.dictionaryofenglish.png","package":"com.mobisystems.msdict.embedded.wireless.oxford.dictionaryofenglish","activity":"com.mobisystems.msdict.viewer.MainActivity","name":"Oxford Dictionary of English"},{"path":"file:///data/data/com.smartOS/icons/com.droid27.transparentclockweather.png","package":"com.droid27.transparentclockweather","activity":".LauncherActivity","name":"Transparent weather clock"},{"path":"file:///data/data/com.smartOS/icons/com.educationapps.gojimo.png","package":"com.educationapps.gojimo","activity":".SplashActivity","name":"Gojimo"},{"path":"file:///data/data/com.smartOS/icons/com.smartOS.png","package":"com.smartOS","activity":".SMARTOS","name":"SMART OS"},{"path":"file:///data/data/com.smartOS/icons/com.haihaisoft.hpreader.png","package":"com.haihaisoft.hpreader","activity":".ChoosePDFActivity","name":"SmartReader"},{"path":"file:///data/data/com.smartOS/icons/com.android.contacts.png","package":"com.android.contacts","activity":".activities.PeopleActivity","name":"Contacts"},{"path":"file:///data/data/com.smartOS/icons/com.socialnmobile.dictapps.notepad.color.note.png","package":"com.socialnmobile.dictapps.notepad.color.note","activity":"com.socialnmobile.colornote.activity.Main","name":"ColorNote"},{"path":"file:///data/data/com.smartOS/icons/com.android.calculator2.png","package":"com.android.calculator2","activity":".Calculator","name":"Calculator"},{"path":"file:///data/data/com.smartOS/icons/org.pondar.mathquizfree.png","package":"org.pondar.mathquizfree","activity":".MatematikQuiz","name":"Math Quiz High School Free"},{"path":"file:///data/data/com.smartOS/icons/com.kuntec.braincafe.png","package":"com.kuntec.braincafe","activity":".SplashScreenActivity","name":"Brain Cafe"},{"path":"file:///data/data/com.smartOS/icons/com.huplayer.neon.png","package":"com.huplayer.neon","activity":".MPlayer","name":"smartplayer"},{"path":"file:///data/data/com.smartOS/icons/com.aspartame.RemindMe.png","package":"com.aspartame.RemindMe","activity":".RemindMe","name":"RemindMe"},{"path":"file:///data/data/com.smartOS/icons/com.kingroot.kinguser.png","package":"com.kingroot.kinguser","activity":".activitys.SliderMainActivity","name":"KingRoot"},{"path":"file:///data/data/com.smartOS/icons/cn.wps.moffice_eng.png","package":"cn.wps.moffice_eng","activity":"cn.wps.moffice.documentmanager.PreStartActivity","name":"Kingsoft Office"},{"path":"file:///data/data/com.smartOS/icons/com.android.browser.png","package":"com.android.browser","activity":".BrowserActivity","name":"Browser"},{"path":"file:///data/data/com.smartOS/icons/air.com.revisionbuddies.gcsemaths.png","package":"air.com.revisionbuddies.gcsemaths","activity":".AppEntry","name":"Maths"},{"path":"file:///data/data/com.smartOS/icons/com.android.music.png","package":"com.android.music","activity":".MusicBrowserActivity","name":"Music"},{"path":"file:///data/data/com.smartOS/icons/com.flyersoft.moonreader.png","package":"com.flyersoft.moonreader","activity":".ActivityMain","name":"Moon+ Reader"},{"path":"file:///data/data/com.smartOS/icons/org.khanacademy.android.png","package":"org.khanacademy.android","activity":".ui.library.MainActivity","name":"Khan Academy"},{"path":"file:///data/data/com.smartOS/icons/com.class123.teacher.png","package":"com.class123.teacher","activity":".activity.LoginActivity","name":"Class123"},{"path":"file:///data/data/com.smartOS/icons/com.android.providers.downloads.ui.png","package":"com.android.providers.downloads.ui","activity":".DownloadList","name":"Downloads"},{"path":"file:///data/data/com.smartOS/icons/com.softwinner.update.png","package":"com.softwinner.update","activity":".UpdateActivity","name":"Update"},{"path":"file:///data/data/com.smartOS/icons/com.android.camera2.png","package":"com.android.camera2","activity":"com.android.camera.CameraLauncher","name":"Camera"},{"path":"file:///data/data/com.smartOS/icons/org.unver.derstakvimi.png","package":"org.unver.derstakvimi","activity":".TakvimIslem","name":"Class Schedule"},{"path":"file:///data/data/com.smartOS/icons/com.udemy.android.png","package":"com.udemy.android","activity":".SplashActivity","name":"Udemy"},{"path":"file:///data/data/com.smartOS/icons/com.android.videoeditor.png","package":"com.android.videoeditor","activity":".ProjectsActivity","name":"Movie Studio"},{"path":"file:///data/data/com.smartOS/icons/com.android.settings.png","package":"com.android.settings","activity":".Settings","name":"Settings"},{"path":"file:///data/data/com.smartOS/icons/binh.app.englishidiom.png","package":"binh.app.englishidiom","activity":".MainActivity","name":"English Idioms"},{"path":"file:///data/data/com.smartOS/icons/com.google.android.googlequicksearchbox.png","package":"com.google.android.googlequicksearchbox","activity":".SearchActivity","name":"Google Search"},{"path":"file:///data/data/com.smartOS/icons/com.icenta.sudoku.ui.png","package":"com.icenta.sudoku.ui","activity":".SplashActivity","name":"Sudoku Free"},{"path":"file:///data/data/com.smartOS/icons/com.android.gallery3d.png","package":"com.android.gallery3d","activity":".app.GalleryActivity","name":"UHD Player"},{"path":"file:///data/data/com.smartOS/icons/com.extwebtech.bibliography.png","package":"com.extwebtech.bibliography","activity":".SplashActivity","name":"Biography"},{"path":"file:///data/data/com.smartOS/icons/com.solvus_lab.android.BibleEN_kjv.png","package":"com.solvus_lab.android.BibleEN_kjv","activity":".IntroActivity","name":"Holy Bible (KJV)"},{"path":"file:///data/data/com.smartOS/icons/com.funbox.englishidioms.png","package":"com.funbox.englishidioms","activity":".ControllerActivity","name":"English Idioms"},{"path":"file:///data/data/com.smartOS/icons/com.android.email.png","package":"com.android.email","activity":".activity.Welcome","name":"Email"},{"path":"file:///data/data/com.smartOS/icons/com.google.android.apps.maps.png","package":"com.google.android.apps.maps","activity":"com.google.android.maps.MapsActivity","name":"Maps"},{"path":"file:///data/data/com.smartOS/icons/com.learnerscloud.igcsemaths.videos.png","package":"com.learnerscloud.igcsemaths.videos","activity":".Splash","name":"iGCSE Maths Tutor Videos"},{"path":"file:///data/data/com.smartOS/icons/lammar.flags.png","package":"lammar.flags","activity":".activity.MainMenuActivity","name":"World Citizen"},{"path":"file:///data/data/com.smartOS/icons/com.android.soundrecorder.png","package":"com.android.soundrecorder","activity":".SoundRecorder","name":"Sound Recorder"},{"path":"file:///data/data/com.smartOS/icons/xdk.intel.blank.template.png","package":"xdk.intel.blank.template","activity":".MainActivity","name":"TheWordForToday"},{"path":"file:///data/data/com.smartOS/icons/com.uc.browser.en.png","package":"com.uc.browser.en","activity":"com.uc.browser.ActivityBrowser","name":"UC Mini"},{"path":"file:///data/data/com.smartOS/icons/air.com.panapps.PeriodicTable.png","package":"air.com.panapps.PeriodicTable","activity":".AppEntry","name":"Periodic Table Educalabs"},{"path":"file:///data/data/com.smartOS/icons/de.rakuun.MyClassSchedule.free.png","package":"de.rakuun.MyClassSchedule.free","activity":"de.rakuun.MyClassSchedule.TimetableActivity","name":"My Class Schedule"},{"path":"file:///data/data/com.smartOS/icons/com.Phaedrus.EarwigFree.png","package":"com.Phaedrus.EarwigFree","activity":".home","name":"Earwig Free"},{"path":"file:///data/data/com.smartOS/icons/com.google.android.talk.png","package":"com.google.android.talk","activity":".SigningInActivity","name":"Hangouts"},{"path":"file:///data/data/com.smartOS/icons/com.softwinner.explore.png","package":"com.softwinner.explore","activity":".Main","name":"File Manager"},{"path":"file:///data/data/com.smartOS/icons/com.socratica.mobile.words.png","package":"com.socratica.mobile.words","activity":".Home","name":"Words Words Words"},{"path":"file:///data/data/com.smartOS/icons/com.digitalchemy.calculator.freedecimal.png","package":"com.digitalchemy.calculator.freedecimal","activity":"com.digitalchemy.calculator.droidphone.CalculatorMainActivity","name":"Calculator Plus"},{"path":"file:///data/data/com.smartOS/icons/com.zapp2learn.app.png","package":"com.zapp2learn.app","activity":".Zapp2Learn","name":"Zapp 2 Learn"},{"path":"file:///data/data/com.smartOS/icons/com.udacity.android.png","package":"com.udacity.android","activity":".ui.catalog.CatalogActivity","name":"Udacity"},{"path":"file:///data/data/com.smartOS/icons/org.urbian.android.quiz.bible.demo.png","package":"org.urbian.android.quiz.bible.demo","activity":".activity.Splash","name":"Test your faith"},{"path":"file:///data/data/com.smartOS/icons/com.underwater.geoquiz.png","package":"com.underwater.geoquiz","activity":".GeoQuizActivity","name":"GeoQuiz"},{"path":"file:///data/data/com.smartOS/icons/com.codeansoftware.speakforme.png","package":"com.codeansoftware.speakforme","activity":".SpeakForMeActivity","name":"Say My Words"},{"path":"file:///data/data/com.smartOS/icons/com.microblink.photomath.png","package":"com.microblink.photomath","activity":".MainActivity","name":"PhotoMath"},{"path":"file:///data/data/com.smartOS/icons/com.scientificCalculator.png","package":"com.scientificCalculator","activity":".ui.HomeActivity","name":"Scientific Calculator Free"},{"path":"file:///data/data/com.smartOS/icons/com.android.vending.png","package":"com.android.vending","activity":".AssetBrowserActivity","name":"Google Play Store"},{"path":"file:///data/data/com.smartOS/icons/com.learningmate.goclass.view.png","package":"com.learningmate.goclass.view","activity":".LMGCSplashScreenActivity","name":"GoClass"},{"path":"file:///data/data/com.smartOS/icons/com.google.android.gm.png","package":"com.google.android.gm","activity":".ConversationListActivityGmail","name":"Gmail"},{"path":"file:///data/data/com.smartOS/icons/com.speedAnatomy.speedAnatomyLite.png","package":"com.speedAnatomy.speedAnatomyLite","activity":".SpeedAnatomy","name":"Speed Anatomy"},{"path":"file:///data/data/com.smartOS/icons/com.studyblue.png","package":"com.studyblue","activity":".ui.mainactivity.SbMainActivity","name":"StudyBlue"},{"path":"file:///data/data/com.smartOS/icons/com.google.android.youtube.png","package":"com.google.android.youtube","activity":".app.honeycomb.Shell$HomeActivity","name":"YouTube"},{"path":"file:///data/data/com.smartOS/icons/cc.smartlearning.sss.png","package":"cc.smartlearning.sss","activity":".MainActivity","name":"SmartLearning SSS"},{"path":"file:///data/data/com.smartOS/icons/org.edx.mobile.png","package":"org.edx.mobile","activity":".view.SplashActivity","name":"edX"},{"path":"file:///data/data/com.smartOS/icons/com.physics.quiz.game1.png","package":"com.physics.quiz.game1","activity":"com.greek.mythology.quiz.MainActivity","name":"Physics Quiz Game"},{"path":"file:///data/data/com.smartOS/icons/com.android.deskclock.png","package":"com.android.deskclock","activity":".DeskClock","name":"Clock"},{"path":"file:///data/data/com.smartOS/icons/com.google.android.calendar.png","package":"com.google.android.calendar","activity":"com.android.calendar.AllInOneActivity","name":"Calendar"},{"path":"file:///data/data/com.smartOS/icons/com.merriamwebster.png","package":"com.merriamwebster","activity":".dictionary.activity.dictionary.DictionaryActivity","name":"Merriam-Webster Dictionary"}]